fpr,tpr,model
0.0,0.0,Grid
0.0,0.00013475272874275703,Grid
0.0,0.0008085163724565423,Grid
0.0,0.0016170327449130846,Grid
0.0,0.003099312761083412,Grid
0.0,0.003368818218568926,Grid
0.0,0.0060638727934240666,Grid
0.0,0.006333378250909581,Grid
0.0,0.013744778331761218,Grid
0.0,0.014014283789246733,Grid
0.0,0.01697884382158739,Grid
0.0,0.0172483492790729,Grid
0.0,0.019269640210214257,Grid
0.0,0.01953914566769977,Grid
0.0,0.02088667295512734,Grid
0.0,0.021156178412612855,Grid
0.0,0.022638458428783183,Grid
0.0,0.022907963886268697,Grid
0.0,0.027220051206036922,Grid
0.0,0.027489556663522437,Grid
0.0,0.02775906212100795,Grid
0.0,0.028028567578493466,Grid
0.0,0.03341867672820375,Grid
0.0,0.03368818218568926,Grid
0.0,0.03557472038808786,Grid
0.0,0.035844225845573376,Grid
0.0,0.04150384045276917,Grid
0.0,0.04177334591025468,Grid
0.0,0.04190809863899744,Grid
0.0,0.042177604096482954,Grid
0.0,0.04339037865516777,Grid
0.0,0.04365988411265328,Grid
0.0,0.04541166958630912,Grid
0.0,0.04568117504379464,Grid
0.0,0.04648969141625118,Grid
0.0,0.04675919687373669,Grid
0.0,0.04878048780487805,Grid
0.0,0.04904999326236356,Grid
0.0,0.04931949871984908,Grid
0.0,0.04958900417733459,Grid
0.0,0.05619188788572969,Grid
0.0,0.0564613933432152,Grid
0.0,0.05848268427435656,Grid
0.0,0.05875218973184207,Grid
0.0,0.061177738849211696,Grid
0.0,0.06144724430669721,Grid
0.0,0.06292952432286754,Grid
0.0,0.06319902978035305,Grid
0.0,0.06670260072766473,Grid
0.0,0.06697210618515025,Grid
0.0,0.06926290257377712,Grid
0.0,0.06953240803126264,Grid
0.0,0.07101468804743297,Grid
0.0,0.07128419350491848,Grid
0.0,0.07141894623366123,Grid
0.0,0.07168845169114675,Grid
0.0,0.07195795714863226,Grid
0.0,0.07222746260611777,Grid
0.0,0.0734402371648026,Grid
0.0,0.0737097426222881,Grid
0.0,0.07478776445223016,Grid
0.0,0.07505726990971567,Grid
0.0,0.07546152809594395,Grid
0.0,0.07573103355342946,Grid
0.0,0.07721331356959979,Grid
0.0,0.07761757175582805,Grid
0.0,0.07775232448457081,Grid
0.0,0.07802182994205632,Grid
0.0,0.07977361541571217,Grid
0.0,0.08004312087319768,Grid
0.0,0.08058213178816871,Grid
0.0,0.08085163724565422,Grid
0.0,0.0890715536989624,Grid
0.0,0.08934105915644792,Grid
0.0,0.0947311683061582,Grid
0.0,0.09500067376364371,Grid
0.0,0.09513542649238647,Grid
0.0,0.09540493194987198,Grid
0.0,0.09688721196604232,Grid
0.0,0.09715671742352783,Grid
0.0,0.0985042447109554,Grid
0.0,0.09877375016844091,Grid
0.0,0.10052553564209675,Grid
0.0,0.10079504109958226,Grid
0.0,0.10214256838700984,Grid
0.0,0.10241207384449535,Grid
0.0,0.10766743026546288,Grid
0.0,0.1079369357229484,Grid
0.0,0.10861069936666218,Grid
0.0,0.10888020482414769,Grid
0.0,0.11036248484031802,Grid
0.0,0.11063199029780353,Grid
0.0,0.11346179760140143,Grid
0.0,0.11373130305888694,Grid
0.0,0.11467457216008624,Grid
0.0,0.11494407761757175,Grid
0.0,0.12356825225710821,Grid
0.0,0.12383775771459372,Grid
0.0,0.12868885594933296,Grid
0.0,0.12922786686430401,Grid
0.0,0.1358307505726991,Grid
0.0,0.1361002560301846,Grid
0.0,0.13919956879126802,Grid
0.0,0.13946907424875354,Grid
0.0,0.14014283789246731,Grid
0.0,0.14041234334995284,Grid
0.0,0.1518663252930872,Grid
0.0,0.1521358307505727,Grid
0.0,0.15456137986794233,Grid
0.0,0.15483088532542785,Grid
0.0,0.15604365988411265,Grid
0.0,0.15631316534159817,Grid
0.0,0.1646678345236491,Grid
0.0,0.1649373399811346,Grid
0.0,0.16507209270987738,Grid
0.0,0.16534159816736288,Grid
0.0,0.167497641827247,Grid
0.0,0.16776714728473252,Grid
0.0,0.1693841800296456,Grid
0.0,0.1696536854871311,Grid
0.0,0.1712707182320442,Grid
0.0,0.1715402236895297,Grid
0.0,0.17180972914701523,Grid
0.0,0.17207923460450075,Grid
0.0,0.17248349279072903,Grid
0.0,0.17275299824821452,Grid
0.0,0.17693033283924,Grid
0.0,0.1771998382967255,Grid
0.0,0.18110766743026546,Grid
0.0,0.18164667834523648,Grid
0.0,0.18245519471769303,Grid
0.0,0.18272470017517856,Grid
0.0,0.18393747473386335,Grid
0.0,0.18420698019134887,Grid
0.0,0.1878453038674033,Grid
0.0,0.18838431478237436,Grid
0.0,0.19080986389974397,Grid
0.0,0.1910793693572295,Grid
0.0,0.19983829672550868,Grid
0.0,0.2001078021829942,Grid
0.0,0.20239859857162107,Grid
0.0,0.2026681040291066,Grid
0.0,0.20644118043390378,Grid
0.0,0.2067106858913893,Grid
0.0,0.20792346045007412,Grid
0.0,0.20819296590755962,Grid
0.0,0.20886672955127342,Grid
0.0,0.20913623500875891,Grid
0.0,0.21021425683870099,Grid
0.0,0.2104837622961865,Grid
0.0,0.21115752593990028,Grid
0.0,0.2114270313973858,Grid
0.0,0.21789516237703813,Grid
0.00014273479874393378,0.21789516237703813,Grid
0.00014273479874393378,0.23325697345371244,Grid
0.00014273479874393378,0.23352647891119796,Grid
0.00014273479874393378,0.23891658806090824,Grid
0.00014273479874393378,0.23918609351839376,Grid
0.00014273479874393378,0.2393208462471365,Grid
0.00014273479874393378,0.239590351704622,Grid
0.00014273479874393378,0.24727125724295917,Grid
0.00014273479874393378,0.24754076270044467,Grid
0.00014273479874393378,0.24861878453038674,Grid
0.00014273479874393378,0.24888828998787224,Grid
0.00014273479874393378,0.2627678210483762,Grid
0.00014273479874393378,0.26303732650586176,Grid
0.00014273479874393378,0.2735480393477968,Grid
0.00014273479874393378,0.2738175448052823,Grid
0.00014273479874393378,0.27651259938013745,Grid
0.00014273479874393378,0.27678210483762294,Grid
0.00014273479874393378,0.2821722139873332,Grid
0.00014273479874393378,0.2824417194448188,Grid
0.00014273479874393378,0.2841935049184746,Grid
0.00014273479874393378,0.2844630103759601,Grid
0.00014273479874393378,0.28500202129093116,Grid
0.00028546959748786756,0.28500202129093116,Grid
0.00028546959748786756,0.2854062794771594,Grid
0.00028546959748786756,0.2856757849346449,Grid
0.00028546959748786756,0.2895836140681849,Grid
0.00028546959748786756,0.2898531195256704,Grid
0.00028546959748786756,0.29039213044064144,Grid
0.00028546959748786756,0.29066163589812694,Grid
0.00028546959748786756,0.2948389704891524,Grid
0.00028546959748786756,0.2951084759466379,Grid
0.00028546959748786756,0.29591699231909446,Grid
0.00028546959748786756,0.29618649777657996,Grid
0.00028546959748786756,0.2986120468939496,Grid
0.00028546959748786756,0.2988815523514351,Grid
0.00028546959748786756,0.30036383236760544,Grid
0.00028546959748786756,0.30063333782509094,Grid
0.00028546959748786756,0.3027893814849751,Grid
0.00028546959748786756,0.3030588869424606,Grid
0.00028546959748786756,0.3034631451286889,Grid
0.00028546959748786756,0.3037326505861744,Grid
0.00028546959748786756,0.3040021560436599,Grid
0.00028546959748786756,0.3044064142298882,Grid
0.00028546959748786756,0.3073709742622288,Grid
0.00042820439623180134,0.3073709742622288,Grid
0.00042820439623180134,0.31235682522571084,Grid
0.00042820439623180134,0.31262633068319634,Grid
0.00042820439623180134,0.31383910524188113,Grid
0.00042820439623180134,0.3141086106993667,Grid
0.00042820439623180134,0.31720792346045007,Grid
0.00042820439623180134,0.31747742891793557,Grid
0.00042820439623180134,0.31882495620536316,Grid
0.00042820439623180134,0.31909446166284866,Grid
0.00042820439623180134,0.320576741679019,Grid
0.00042820439623180134,0.3208462471365045,Grid
0.00042820439623180134,0.3212505053227328,Grid
0.00042820439623180134,0.3215200107802183,Grid
0.00042820439623180134,0.32205902169518935,Grid
0.00042820439623180134,0.32232852715267485,Grid
0.00042820439623180134,0.32259803261016035,Grid
0.00042820439623180134,0.32286753806764584,Grid
0.00042820439623180134,0.3236760544401024,Grid
0.00042820439623180134,0.32394555989758794,Grid
0.00042820439623180134,0.3277186363023851,Grid
0.00042820439623180134,0.3279881417598706,Grid
0.00042820439623180134,0.3314917127071823,Grid
0.00042820439623180134,0.33176121816466786,Grid
0.00042820439623180134,0.3328392399946099,Grid
0.00042820439623180134,0.3331087454520954,Grid
0.00042820439623180134,0.3359385527556933,Grid
0.00042820439623180134,0.33620805821317884,Grid
0.00042820439623180134,0.34011588734671877,Grid
0.00042820439623180134,0.34038539280420427,Grid
0.00042820439623180134,0.34132866190540356,Grid
0.00042820439623180134,0.3415981673628891,Grid
0.0005709391949757351,0.3415981673628891,Grid
0.0005709391949757351,0.3460450074114001,Grid
0.0005709391949757351,0.3463145128688856,Grid
0.0005709391949757351,0.3465840183263711,Grid
0.0005709391949757351,0.34685352378385664,Grid
0.0005709391949757351,0.3476620401563132,Grid
0.0005709391949757351,0.3479315456137987,Grid
0.0005709391949757351,0.3500875892736828,Grid
0.0005709391949757351,0.3506266001886538,Grid
0.0005709391949757351,0.3548039347796793,Grid
0.0005709391949757351,0.3550734402371648,Grid
0.0005709391949757351,0.35520819296590755,Grid
0.0005709391949757351,0.3557472038808786,Grid
0.0005709391949757351,0.35682522571082065,Grid
0.0005709391949757351,0.35709473116830615,Grid
0.0005709391949757351,0.358846516641962,Grid
0.0005709391949757351,0.35911602209944754,Grid
0.0005709391949757351,0.3615415712168171,Grid
0.0005709391949757351,0.3618110766743027,Grid
0.0005709391949757351,0.364371378520415,Grid
0.0005709391949757351,0.36464088397790057,Grid
0.0005709391949757351,0.3729955531599515,Grid
0.0005709391949757351,0.37326505861743703,Grid
0.0005709391949757351,0.3898396442527961,Grid
0.0005709391949757351,0.39010914971028166,Grid
0.0005709391949757351,0.3917261824551947,Grid
0.0005709391949757351,0.39199568791268025,Grid
0.0005709391949757351,0.3923999460989085,Grid
0.0005709391949757351,0.39266945155639404,Grid
0.0005709391949757351,0.39361272065759334,Grid
0.0005709391949757351,0.39388222611507884,Grid
0.0005709391949757351,0.39415173157256433,Grid
0.0005709391949757351,0.39442123703004983,Grid
0.0005709391949757351,0.3968467861474195,Grid
0.0005709391949757351,0.397116291604905,Grid
0.0005709391949757351,0.40318016439832904,Grid
0.0005709391949757351,0.4034496698558146,Grid
0.0005709391949757351,0.4050667026007277,Grid
0.0007136739937196689,0.4050667026007277,Grid
0.0007136739937196689,0.41005255356420967,Grid
0.0007136739937196689,0.41032205902169516,Grid
0.0007136739937196689,0.4157121681714055,Grid
0.0007136739937196689,0.4162511790863765,Grid
0.0007136739937196689,0.41638593181511924,Grid
0.0007136739937196689,0.4166554372726048,Grid
0.0007136739937196689,0.41773345910254683,Grid
0.0007136739937196689,0.41827247001751783,Grid
0.0007136739937196689,0.42164128823608676,Grid
0.0007136739937196689,0.4219107936935723,Grid
0.0007136739937196689,0.42258455733728606,Grid
0.0007136739937196689,0.4228540627947716,Grid
0.0007136739937196689,0.4252796119121412,Grid
0.0007136739937196689,0.42554911736962675,Grid
0.0007136739937196689,0.4310739792480798,Grid
0.0007136739937196689,0.43134348470556527,Grid
0.0007136739937196689,0.43228675380676457,Grid
0.0007136739937196689,0.4325562592642501,Grid
0.0007136739937196689,0.43430804473790596,Grid
0.0008564087924636027,0.43430804473790596,Grid
0.0008564087924636027,0.43457755019539146,Grid
0.0008564087924636027,0.43484705565287696,Grid
0.0008564087924636027,0.435386066567848,Grid
0.0008564087924636027,0.4356555720253335,Grid
0.0008564087924636027,0.4410456811750438,Grid
0.0008564087924636027,0.44131518663252933,Grid
0.0008564087924636027,0.4414499393612721,Grid
0.0008564087924636027,0.4419889502762431,Grid
0.0008564087924636027,0.44643579032475406,Grid
0.0009991435912075363,0.44643579032475406,Grid
0.0009991435912075363,0.4485918339846382,Grid
0.0009991435912075363,0.4488613394421237,Grid
0.0009991435912075363,0.4543862013205767,Grid
0.0009991435912075363,0.4546557067780623,Grid
0.0009991435912075363,0.45869828864034495,Grid
0.0011418783899514702,0.45869828864034495,Grid
0.0011418783899514702,0.4632798814175987,Grid
0.0011418783899514702,0.46354938687508424,Grid
0.0011418783899514702,0.4679962269235952,Grid
0.0011418783899514702,0.4682657323810807,Grid
0.0011418783899514702,0.47284732515833444,Grid
0.001284613188695404,0.47284732515833444,Grid
0.001284613188695404,0.4793154561379868,Grid
0.001284613188695404,0.4795849615954723,Grid
0.001284613188695404,0.4802587252391861,Grid
0.001284613188695404,0.4805282306966716,Grid
0.001284613188695404,0.48672685621883843,Grid
0.001284613188695404,0.48699636167632393,Grid
0.001284613188695404,0.49076943808112117,Grid
0.001284613188695404,0.49103894353860666,Grid
0.001284613188695404,0.4937339981134618,Grid
0.001284613188695404,0.4940035035709473,Grid
0.001284613188695404,0.49642905268831694,Grid
0.0014273479874393378,0.49642905268831694,Grid
0.0014273479874393378,0.496968063603288,Grid
0.0014273479874393378,0.4972375690607735,Grid
0.0014273479874393378,0.49737232178951624,Grid
0.0014273479874393378,0.49764182724700173,Grid
0.0014273479874393378,0.4992588599919148,Grid
0.0015700827861832715,0.4992588599919148,Grid
0.0015700827861832715,0.5054574855140817,Grid
0.0017128175849272054,0.5054574855140817,Grid
0.0017128175849272054,0.5062660018865383,Grid
0.0017128175849272054,0.5068050128015092,Grid
0.0017128175849272054,0.5080177873601941,Grid
0.0017128175849272054,0.5082872928176796,Grid
0.0017128175849272054,0.5128688855949333,Grid
0.0017128175849272054,0.5131383910524188,Grid
0.0017128175849272054,0.5132731437811616,Grid
0.0017128175849272054,0.5135426492386471,Grid
0.0017128175849272054,0.5187980056596146,Grid
0.0017128175849272054,0.5190675111171001,Grid
0.0017128175849272054,0.5282306966716076,Grid
0.001855552383671139,0.5282306966716076,Grid
0.001855552383671139,0.529173965772807,Grid
0.0019982871824150727,0.529173965772807,Grid
0.0019982871824150727,0.5377981404123433,Grid
0.0021410219811590064,0.5377981404123433,Grid
0.0021410219811590064,0.5388761622422854,Grid
0.0021410219811590064,0.5391456676997709,Grid
0.0022837567799029405,0.5391456676997709,Grid
0.0022837567799029405,0.5396846786147419,Grid
0.0022837567799029405,0.5399541840722275,Grid
0.0022837567799029405,0.5426492386470826,Grid
0.0022837567799029405,0.5429187441045681,Grid
0.0022837567799029405,0.5434577550195392,Grid
0.0022837567799029405,0.5437272604770247,Grid
0.0022837567799029405,0.5441315186632529,Grid
0.0022837567799029405,0.5444010241207384,Grid
0.0022837567799029405,0.5445357768494812,Grid
0.0022837567799029405,0.5448052823069667,Grid
0.0022837567799029405,0.5480393477967929,Grid
0.0022837567799029405,0.5483088532542784,Grid
0.002426491578646874,0.5483088532542784,Grid
0.002426491578646874,0.5511386605578763,Grid
0.002569226377390808,0.5511386605578763,Grid
0.002569226377390808,0.5526209405740466,Grid
0.0027119611761347415,0.5526209405740466,Grid
0.0027119611761347415,0.5562592642501011,Grid
0.0027119611761347415,0.5566635224363293,Grid
0.0027119611761347415,0.5624578897722678,Grid
0.0027119611761347415,0.5627273952297535,Grid
0.0027119611761347415,0.5674437407357499,Grid
0.0027119611761347415,0.5677132461932354,Grid
0.0027119611761347415,0.5687912680231775,Grid
0.0028546959748786756,0.5687912680231775,Grid
0.0028546959748786756,0.574585635359116,Grid
0.0028546959748786756,0.5748551408166015,Grid
0.0028546959748786756,0.5762026681040291,Grid
0.0028546959748786756,0.5764721735615146,Grid
0.0028546959748786756,0.5788977226788843,Grid
0.0028546959748786756,0.5791672281363698,Grid
0.0028546959748786756,0.5817275299824821,Grid
0.0029974307736226093,0.5817275299824821,Grid
0.0029974307736226093,0.5863091227597359,Grid
0.0029974307736226093,0.5865786282172214,Grid
0.0029974307736226093,0.589004177334591,Grid
0.003140165572366543,0.589004177334591,Grid
0.003140165572366543,0.5900821991645331,Grid
0.0032829003711104766,0.5900821991645331,Grid
0.0032829003711104766,0.5914297264519607,Grid
0.0032829003711104766,0.5916992319094462,Grid
0.0032829003711104766,0.5969545883304137,Grid
0.0032829003711104766,0.5972240937878992,Grid
0.0032829003711104766,0.5977631047028702,Grid
0.0032829003711104766,0.5981673628890986,Grid
0.0032829003711104766,0.599514890176526,Grid
0.0032829003711104766,0.6000539010914971,Grid
0.0032829003711104766,0.6001886538202399,Grid
0.0032829003711104766,0.6004581592777254,Grid
0.0032829003711104766,0.6012666756501819,Grid
0.0032829003711104766,0.6015361811076674,Grid
0.0032829003711104766,0.6049049993262363,Grid
0.0032829003711104766,0.6051745047837219,Grid
0.0032829003711104766,0.6058482684274357,Grid
0.0032829003711104766,0.6061177738849212,Grid
0.0032829003711104766,0.607330548443606,Grid
0.0032829003711104766,0.6076000539010915,Grid
0.0032829003711104766,0.6092170866460046,Grid
0.0032829003711104766,0.6096213448322328,Grid
0.0032829003711104766,0.6191887885729686,Grid
0.0032829003711104766,0.6194582940304542,Grid
0.0032829003711104766,0.6213448322328528,Grid
0.0032829003711104766,0.6216143376903382,Grid
0.0032829003711104766,0.6220185958765665,Grid
0.0034256351698544107,0.6220185958765665,Grid
0.0034256351698544107,0.6237703813502223,Grid
0.0034256351698544107,0.6240398868077078,Grid
0.0034256351698544107,0.6274087050262768,Grid
0.0034256351698544107,0.6276782104837623,Grid
0.0034256351698544107,0.6279477159412478,Grid
0.0034256351698544107,0.6282172213987334,Grid
0.0034256351698544107,0.6317207923460451,Grid
0.0034256351698544107,0.6319902978035306,Grid
0.0034256351698544107,0.6323945559897588,Grid
0.0035683699685983444,0.6323945559897588,Grid
0.0035683699685983444,0.6332030723622153,Grid
0.0035683699685983444,0.6334725778197009,Grid
0.0035683699685983444,0.6346853523783856,Grid
0.003711104767342278,0.6346853523783856,Grid
0.003711104767342278,0.6371109014957553,Grid
0.003711104767342278,0.6373804069532408,Grid
0.003711104767342278,0.6464088397790055,Grid
0.003711104767342278,0.646678345236491,Grid
0.003711104767342278,0.647217356151462,Grid
0.003711104767342278,0.6474868616089475,Grid
0.003711104767342278,0.6491038943538606,Grid
0.003711104767342278,0.6493733998113462,Grid
0.003711104767342278,0.6516641961999731,Grid
0.003711104767342278,0.6519337016574586,Grid
0.003711104767342278,0.6546287562323138,Grid
0.003711104767342278,0.6548982616897993,Grid
0.003711104767342278,0.6584018326371109,Grid
0.003711104767342278,0.6586713380945964,Grid
0.003711104767342278,0.6589408435520819,Grid
0.0038538395660862117,0.6589408435520819,Grid
0.0038538395660862117,0.6592103490095674,Grid
0.003996574364830145,0.6592103490095674,Grid
0.003996574364830145,0.6615011453981943,Grid
0.003996574364830145,0.6617706508556799,Grid
0.003996574364830145,0.6629834254143646,Grid
0.003996574364830145,0.6632529308718501,Grid
0.0041393091635740795,0.6632529308718501,Grid
0.0041393091635740795,0.6640614472443067,Grid
0.0041393091635740795,0.6643309527017922,Grid
0.0041393091635740795,0.6655437272604771,Grid
0.0041393091635740795,0.6658132327179626,Grid
0.0041393091635740795,0.6663522436329335,Grid
0.0041393091635740795,0.6668912545479045,Grid
0.0041393091635740795,0.6678345236491039,Grid
0.004282043962318013,0.6678345236491039,Grid
0.004282043962318013,0.6734941382562997,Grid
0.004282043962318013,0.6737636437137852,Grid
0.004282043962318013,0.6768629564748686,Grid
0.004282043962318013,0.6771324619323541,Grid
0.004424778761061947,0.6771324619323541,Grid
0.004424778761061947,0.6795580110497238,Grid
0.004567513559805881,0.6795580110497238,Grid
0.004567513559805881,0.6802317746934375,Grid
0.004567513559805881,0.680501280150923,Grid
0.004567513559805881,0.6845438620132057,Grid
0.004567513559805881,0.6848133674706913,Grid
0.004567513559805881,0.6876431747742892,Grid
0.004567513559805881,0.6879126802317747,Grid
0.004567513559805881,0.6900687238916589,Grid
0.004567513559805881,0.6903382293491443,Grid
0.004567513559805881,0.6941113057539415,Grid
0.004567513559805881,0.6946503166689125,Grid
0.004567513559805881,0.697210618515025,Grid
0.004710248358549814,0.697210618515025,Grid
0.004710248358549814,0.6974801239725105,Grid
0.004710248358549814,0.697749629429996,Grid
0.004710248358549814,0.6978843821587387,Grid
0.004710248358549814,0.698288640344967,Grid
0.004710248358549814,0.6995014149036518,Grid
0.004852983157293748,0.6995014149036518,Grid
0.004852983157293748,0.70381350222342,Grid
0.004852983157293748,0.7040830076809056,Grid
0.004995717956037682,0.7040830076809056,Grid
0.004995717956037682,0.7047567713246193,Grid
0.004995717956037682,0.7050262767821048,Grid
0.004995717956037682,0.7085298477294165,Grid
0.004995717956037682,0.708799353186902,Grid
0.004995717956037682,0.7096078695593586,Grid
0.004995717956037682,0.7098773750168441,Grid
0.004995717956037682,0.7106858913893006,Grid
0.004995717956037682,0.7109553968467861,Grid
0.004995717956037682,0.7110901495755289,Grid
0.005138452754781616,0.7110901495755289,Grid
0.005138452754781616,0.7168845169114675,Grid
0.00528118755352555,0.7168845169114675,Grid
0.00528118755352555,0.7191753133000943,Grid
0.00528118755352555,0.7194448187575798,Grid
0.00528118755352555,0.7198490769438081,Grid
0.00528118755352555,0.7201185824012937,Grid
0.00528118755352555,0.7209270987737502,Grid
0.005423922352269483,0.7209270987737502,Grid
0.005423922352269483,0.7217356151462068,Grid
0.005566657151013417,0.7217356151462068,Grid
0.005566657151013417,0.7220051206036923,Grid
0.005566657151013417,0.7222746260611778,Grid
0.005566657151013417,0.7229483897048915,Grid
0.005709391949757351,0.7229483897048915,Grid
0.005709391949757351,0.7237569060773481,Grid
0.005852126748501284,0.7237569060773481,Grid
0.005852126748501284,0.7247001751785473,Grid
0.005852126748501284,0.7249696806360328,Grid
0.005852126748501284,0.7283384988546018,Grid
0.005852126748501284,0.7286080043120873,Grid
0.005852126748501284,0.72874275704083,Grid
0.005852126748501284,0.7290122624983156,Grid
0.005852126748501284,0.7291470152270584,Grid
0.005852126748501284,0.7294165206845439,Grid
0.005852126748501284,0.7306292952432287,Grid
0.0059948615472452185,0.7306292952432287,Grid
0.0059948615472452185,0.7307640479719715,Grid
0.0059948615472452185,0.731033553429457,Grid
0.0059948615472452185,0.7317073170731707,Grid
0.0059948615472452185,0.7319768225306562,Grid
0.0059948615472452185,0.7333243498180838,Grid
0.006137596345989152,0.7333243498180838,Grid
0.006137596345989152,0.7335938552755693,Grid
0.006137596345989152,0.7338633607330548,Grid
0.006137596345989152,0.7345371243767687,Grid
0.006137596345989152,0.7348066298342542,Grid
0.006137596345989152,0.7410052553564209,Grid
0.006280331144733086,0.7410052553564209,Grid
0.006280331144733086,0.7430265462875624,Grid
0.006280331144733086,0.7432960517450479,Grid
0.006280331144733086,0.7451825899474465,Grid
0.00642306594347702,0.7451825899474465,Grid
0.00642306594347702,0.7455868481336747,Grid
0.00642306594347702,0.7461258590486457,Grid
0.00642306594347702,0.7492251718097291,Grid
0.006565800742220953,0.7492251718097291,Grid
0.006565800742220953,0.7497641827247001,Grid
0.006708535540964887,0.7497641827247001,Grid
0.006708535540964887,0.7500336881821857,Grid
0.006851270339708821,0.7500336881821857,Grid
0.006851270339708821,0.7517854736558416,Grid
0.006851270339708821,0.7520549791133271,Grid
0.006851270339708821,0.7525939900282981,Grid
0.006851270339708821,0.7528634954857836,Grid
0.006851270339708821,0.7535372591294974,Grid
0.006851270339708821,0.7538067645869829,Grid
0.006851270339708821,0.7618919283115483,Grid
0.006851270339708821,0.7621614337690338,Grid
0.006851270339708821,0.7691685756636572,Grid
0.006994005138452755,0.7691685756636572,Grid
0.006994005138452755,0.769842339307371,Grid
0.007136739937196689,0.769842339307371,Grid
0.007136739937196689,0.775367201185824,Grid
0.007279474735940622,0.775367201185824,Grid
0.007279474735940622,0.775906212100795,Grid
0.007279474735940622,0.7761757175582805,Grid
0.007279474735940622,0.7769842339307371,Grid
0.007279474735940622,0.7775232448457081,Grid
0.007279474735940622,0.7821048376229619,Grid
0.007279474735940622,0.7823743430804474,Grid
0.007279474735940622,0.7825090958091901,Grid
0.007279474735940622,0.7827786012666756,Grid
0.007279474735940622,0.7829133539954184,Grid
0.007422209534684556,0.7829133539954184,Grid
0.007422209534684556,0.7835871176391322,Grid
0.00756494433342849,0.7835871176391322,Grid
0.00756494433342849,0.7846651394690742,Grid
0.00756494433342849,0.7849346449265597,Grid
0.00756494433342849,0.7852041503840452,Grid
0.0077076791321724234,0.7852041503840452,Grid
0.0077076791321724234,0.7872254413151867,Grid
0.007850413930916357,0.7872254413151867,Grid
0.007850413930916357,0.7883034631451287,Grid
0.007850413930916357,0.7885729686026142,Grid
0.00799314872966029,0.7885729686026142,Grid
0.00799314872966029,0.7909985177199839,Grid
0.00799314872966029,0.7912680231774694,Grid
0.00799314872966029,0.7927503031936397,Grid
0.008135883528404225,0.7927503031936397,Grid
0.008135883528404225,0.7946368413960383,Grid
0.008278618327148159,0.7946368413960383,Grid
0.008278618327148159,0.795849615954723,Grid
0.008278618327148159,0.7961191214122086,Grid
0.008278618327148159,0.7962538741409514,Grid
0.008421353125892093,0.7962538741409514,Grid
0.008421353125892093,0.7966581323271796,Grid
0.008564087924636025,0.7966581323271796,Grid
0.008564087924636025,0.7970623905134079,Grid
0.008564087924636025,0.7973318959708934,Grid
0.008564087924636025,0.7988141759870637,Grid
0.00870682272337996,0.7988141759870637,Grid
0.00870682272337996,0.7989489287158065,Grid
0.00870682272337996,0.799218434173292,Grid
0.00870682272337996,0.8000269505457486,Grid
0.008849557522123894,0.8000269505457486,Grid
0.008849557522123894,0.8013744778331762,Grid
0.008992292320867828,0.8013744778331762,Grid
0.008992292320867828,0.8017787360194044,Grid
0.009135027119611762,0.8017787360194044,Grid
0.009135027119611762,0.8019134887481472,Grid
0.009135027119611762,0.8021829942056327,Grid
0.009135027119611762,0.8051475542379734,Grid
0.009277761918355694,0.8051475542379734,Grid
0.009277761918355694,0.8077078560840857,Grid
0.009277761918355694,0.8079773615415712,Grid
0.009277761918355694,0.8081121142703139,Grid
0.009420496717099628,0.8081121142703139,Grid
0.009420496717099628,0.8094596415577415,Grid
0.009563231515843562,0.8094596415577415,Grid
0.009563231515843562,0.809729147015227,Grid
0.009705966314587497,0.809729147015227,Grid
0.009705966314587497,0.8098638997439698,Grid
0.00984870111333143,0.8098638997439698,Grid
0.00984870111333143,0.8128284597763105,Grid
0.00984870111333143,0.813097965233796,Grid
0.00984870111333143,0.8148497507074518,Grid
0.00984870111333143,0.8151192561649373,Grid
0.00984870111333143,0.8156582670799084,Grid
0.010134170710819297,0.8156582670799084,Grid
0.010134170710819297,0.8171405470960788,Grid
0.010134170710819297,0.8174100525535642,Grid
0.010134170710819297,0.8179490634685352,Grid
0.010134170710819297,0.8182185689260207,Grid
0.010134170710819297,0.818622827112249,Grid
0.010134170710819297,0.8188923325697345,Grid
0.010134170710819297,0.8197008489421911,Grid
0.010276905509563231,0.8197008489421911,Grid
0.010276905509563231,0.8198356016709338,Grid
0.010419640308307165,0.8198356016709338,Grid
0.010419640308307165,0.8201051071284193,Grid
0.0105623751070511,0.8201051071284193,Grid
0.0105623751070511,0.822530656245789,Grid
0.0105623751070511,0.8228001617032745,Grid
0.0105623751070511,0.8238781835332165,Grid
0.0105623751070511,0.824147688990702,Grid
0.0105623751070511,0.8246866999056731,Grid
0.010705109905795034,0.8246866999056731,Grid
0.010705109905795034,0.8283250235817275,Grid
0.010705109905795034,0.828594529039213,Grid
0.010705109905795034,0.8306158199703544,Grid
0.010847844704538966,0.8306158199703544,Grid
0.010847844704538966,0.8326371109014957,Grid
0.010847844704538966,0.8334456272739523,Grid
0.010847844704538966,0.8337151327314378,Grid
0.0109905795032829,0.8337151327314378,Grid
0.0109905795032829,0.8343888963751516,Grid
0.011133314302026834,0.8343888963751516,Grid
0.011133314302026834,0.8373534564074923,Grid
0.011133314302026834,0.8376229618649778,Grid
0.011133314302026834,0.8384314782374344,Grid
0.011276049100770768,0.8384314782374344,Grid
0.011276049100770768,0.8388357364236626,Grid
0.011418783899514702,0.8388357364236626,Grid
0.011418783899514702,0.8391052418811481,Grid
0.011418783899514702,0.8392399946098908,Grid
0.011561518698258635,0.8392399946098908,Grid
0.011561518698258635,0.8412612855410322,Grid
0.011704253497002569,0.8412612855410322,Grid
0.011704253497002569,0.841935049184746,Grid
0.011846988295746503,0.841935049184746,Grid
0.011846988295746503,0.8420698019134888,Grid
0.011989723094490437,0.8420698019134888,Grid
0.011989723094490437,0.8423393073709743,Grid
0.011989723094490437,0.842474060099717,Grid
0.011989723094490437,0.8427435655572025,Grid
0.011989723094490437,0.843013071014688,Grid
0.012132457893234371,0.843013071014688,Grid
0.012132457893234371,0.8450343619458294,Grid
0.012275192691978304,0.8450343619458294,Grid
0.012275192691978304,0.8453038674033149,Grid
0.012275192691978304,0.846381889233257,Grid
0.012417927490722238,0.846381889233257,Grid
0.012417927490722238,0.8475946637919418,Grid
0.012560662289466172,0.8475946637919418,Grid
0.012560662289466172,0.8478641692494273,Grid
0.012560662289466172,0.8481336747069128,Grid
0.012560662289466172,0.8489421910793694,Grid
0.012560662289466172,0.8493464492655977,Grid
0.012560662289466172,0.8494812019943404,Grid
0.012560662289466172,0.8497507074518259,Grid
0.012560662289466172,0.851367740196739,Grid
0.012560662289466172,0.8516372456542245,Grid
0.012560662289466172,0.852445762026681,Grid
0.012703397088210106,0.852445762026681,Grid
0.012703397088210106,0.8525805147554238,Grid
0.012988866685697972,0.8525805147554238,Grid
0.012988866685697972,0.8528500202129093,Grid
0.013131601484441906,0.8528500202129093,Grid
0.013131601484441906,0.8529847729416521,Grid
0.01327433628318584,0.8529847729416521,Grid
0.01327433628318584,0.8535237838566231,Grid
0.013417071081929775,0.8535237838566231,Grid
0.013417071081929775,0.8541975475003368,Grid
0.013559805880673709,0.8541975475003368,Grid
0.013559805880673709,0.8544670529578224,Grid
0.013702540679417643,0.8544670529578224,Grid
0.013702540679417643,0.8552755693302789,Grid
0.013845275478161575,0.8552755693302789,Grid
0.013845275478161575,0.8555450747877644,Grid
0.01398801027690551,0.8555450747877644,Grid
0.01398801027690551,0.8583748820913624,Grid
0.01398801027690551,0.8586443875488479,Grid
0.01398801027690551,0.8593181511925616,Grid
0.014130745075649443,0.8593181511925616,Grid
0.014130745075649443,0.8595876566500472,Grid
0.014273479874393378,0.8595876566500472,Grid
0.014273479874393378,0.861878453038674,Grid
0.014558949471881244,0.861878453038674,Grid
0.014558949471881244,0.8634954857835871,Grid
0.014701684270625178,0.8634954857835871,Grid
0.014701684270625178,0.8640344966985581,Grid
0.014701684270625178,0.8643040021560436,Grid
0.014701684270625178,0.8651125185285002,Grid
0.014701684270625178,0.8653820239859857,Grid
0.014701684270625178,0.8671338094596416,Grid
0.014844419069369112,0.8671338094596416,Grid
0.014844419069369112,0.8686160894758119,Grid
0.014987153868113046,0.8686160894758119,Grid
0.014987153868113046,0.8688855949332974,Grid
0.014987153868113046,0.870233122220725,Grid
0.014987153868113046,0.8705026276782105,Grid
0.014987153868113046,0.8706373804069533,Grid
0.015272623465600913,0.8706373804069533,Grid
0.015272623465600913,0.871311144050667,Grid
0.015415358264344847,0.871311144050667,Grid
0.015415358264344847,0.871850154965638,Grid
0.015415358264344847,0.8721196604231236,Grid
0.015415358264344847,0.8729281767955801,Grid
0.015415358264344847,0.8731976822530656,Grid
0.015415358264344847,0.8744104568117504,Grid
0.015558093063088781,0.8744104568117504,Grid
0.015558093063088781,0.8748147149979787,Grid
0.015700827861832713,0.8748147149979787,Grid
0.015700827861832713,0.8752189731842069,Grid
0.015843562660576647,0.8752189731842069,Grid
0.015843562660576647,0.875757984099178,Grid
0.01598629745932058,0.875757984099178,Grid
0.01598629745932058,0.8775097695728339,Grid
0.016414501855552384,0.8775097695728339,Grid
0.016414501855552384,0.8780487804878049,Grid
0.016414501855552384,0.8783182859452904,Grid
0.016414501855552384,0.8787225441315186,Grid
0.016557236654296318,0.8787225441315186,Grid
0.016557236654296318,0.8789920495890042,Grid
0.016699971453040252,0.8789920495890042,Grid
0.016699971453040252,0.8800700714189462,Grid
0.016842706251784186,0.8800700714189462,Grid
0.016842706251784186,0.8818218568926021,Grid
0.016842706251784186,0.8820913623500876,Grid
0.016842706251784186,0.8869424605848268,Grid
0.01698544105052812,0.8869424605848268,Grid
0.01698544105052812,0.8870772133135696,Grid
0.01712817584927205,0.8870772133135696,Grid
0.01712817584927205,0.8877509769572833,Grid
0.017270910648015985,0.8877509769572833,Grid
0.017270910648015985,0.8885594933297399,Grid
0.01741364544675992,0.8885594933297399,Grid
0.01741364544675992,0.8886942460584827,Grid
0.01741364544675992,0.8889637515159682,Grid
0.01741364544675992,0.8893680097021964,Grid
0.017556380245503853,0.8893680097021964,Grid
0.017556380245503853,0.8900417733459103,Grid
0.017699115044247787,0.8900417733459103,Grid
0.017699115044247787,0.8904460315321385,Grid
0.017699115044247787,0.890715536989624,Grid
0.017699115044247787,0.8916588060908234,Grid
0.01784184984299172,0.8916588060908234,Grid
0.01784184984299172,0.8934105915644792,Grid
0.017984584641735656,0.8934105915644792,Grid
0.017984584641735656,0.8936800970219647,Grid
0.017984584641735656,0.8939496024794502,Grid
0.017984584641735656,0.8943538606656785,Grid
0.01812731944047959,0.8943538606656785,Grid
0.01812731944047959,0.8944886133944212,Grid
0.01812731944047959,0.8947581188519067,Grid
0.01812731944047959,0.8948928715806496,Grid
0.018270054239223524,0.8948928715806496,Grid
0.018270054239223524,0.8959708934105916,Grid
0.018270054239223524,0.896240398868077,Grid
0.018270054239223524,0.8971836679692764,Grid
0.018840993434199257,0.8971836679692764,Grid
0.018840993434199257,0.8975879261555046,Grid
0.019840137025406795,0.8975879261555046,Grid
0.019840137025406795,0.8978574316129901,Grid
0.019840137025406795,0.8982616897992184,Grid
0.020268341421638594,0.8982616897992184,Grid
0.020268341421638594,0.8983964425279611,Grid
0.020268341421638594,0.8986659479854467,Grid
0.020268341421638594,0.8993397116291605,Grid
0.02041107622038253,0.8993397116291605,Grid
0.02041107622038253,0.8998787225441315,Grid
0.02041107622038253,0.900148228001617,Grid
0.02041107622038253,0.9016305080177873,Grid
0.02041107622038253,0.9019000134752728,Grid
0.02041107622038253,0.9031127880339577,Grid
0.020553811019126463,0.9031127880339577,Grid
0.020553811019126463,0.9033822934914432,Grid
0.020696545817870397,0.9033822934914432,Grid
0.020696545817870397,0.9049993262363563,Grid
0.020982015415358265,0.9049993262363563,Grid
0.020982015415358265,0.9052688316938418,Grid
0.020982015415358265,0.9055383371513274,Grid
0.0211247502141022,0.9055383371513274,Grid
0.0211247502141022,0.9066163589812694,Grid
0.021267485012846133,0.9066163589812694,Grid
0.021267485012846133,0.9071553698962403,Grid
0.021267485012846133,0.907424875353726,Grid
0.021267485012846133,0.9076943808112115,Grid
0.021410219811590067,0.9076943808112115,Grid
0.021410219811590067,0.9080986389974397,Grid
0.021552954610333998,0.9080986389974397,Grid
0.021552954610333998,0.9097156717423528,Grid
0.021552954610333998,0.9099851771998383,Grid
0.021552954610333998,0.9103894353860665,Grid
0.021552954610333998,0.910658940843552,Grid
0.0219811590065658,0.910658940843552,Grid
0.0219811590065658,0.9111979517585231,Grid
0.022123893805309734,0.9111979517585231,Grid
0.022123893805309734,0.9141625117908637,Grid
0.02226662860405367,0.9141625117908637,Grid
0.02226662860405367,0.9152405336208058,Grid
0.022552098201541537,0.9152405336208058,Grid
0.022552098201541537,0.9163185554507479,Grid
0.02269483300028547,0.9163185554507479,Grid
0.02269483300028547,0.9164533081794907,Grid
0.02298030259777334,0.9164533081794907,Grid
0.02298030259777334,0.9165880609082334,Grid
0.02298030259777334,0.9168575663657189,Grid
0.023265772195261204,0.9168575663657189,Grid
0.023265772195261204,0.9171270718232044,Grid
0.023408506994005138,0.9171270718232044,Grid
0.023408506994005138,0.9172618245519472,Grid
0.023408506994005138,0.9175313300094327,Grid
0.023408506994005138,0.9182050936531465,Grid
0.023408506994005138,0.918474599110632,Grid
0.023551241792749072,0.918474599110632,Grid
0.023551241792749072,0.9186093518393748,Grid
0.02383671139023694,0.9186093518393748,Grid
0.02383671139023694,0.9196873736693169,Grid
0.023979446188980874,0.9196873736693169,Grid
0.023979446188980874,0.9202263845842878,Grid
0.024122180987724808,0.9202263845842878,Grid
0.024122180987724808,0.9206306427705161,Grid
0.024264915786468742,0.9206306427705161,Grid
0.024264915786468742,0.9207653954992588,Grid
0.024264915786468742,0.9210349009567443,Grid
0.024550385383956607,0.9210349009567443,Grid
0.024550385383956607,0.9211696536854871,Grid
0.02469312018270054,0.9211696536854871,Grid
0.02469312018270054,0.9213044064142298,Grid
0.02497858978018841,0.9213044064142298,Grid
0.02497858978018841,0.9218434173292009,Grid
0.025121324578932343,0.9218434173292009,Grid
0.025121324578932343,0.9221129227866864,Grid
0.02540679417642021,0.9221129227866864,Grid
0.02540679417642021,0.9227866864304002,Grid
0.025549528975164146,0.9227866864304002,Grid
0.025549528975164146,0.9231909446166285,Grid
0.026263202968883813,0.9231909446166285,Grid
0.026263202968883813,0.9233256973453713,Grid
0.026405937767627747,0.9233256973453713,Grid
0.026405937767627747,0.9235952028028568,Grid
0.026405937767627747,0.9237299555315995,Grid
0.02654867256637168,0.9237299555315995,Grid
0.02654867256637168,0.9238647082603423,Grid
0.026691407365115615,0.9238647082603423,Grid
0.026691407365115615,0.9241342137178278,Grid
0.02683414216385955,0.9241342137178278,Grid
0.02683414216385955,0.9244037191753133,Grid
0.026976876962603483,0.9244037191753133,Grid
0.026976876962603483,0.924538471904056,Grid
0.027119611761347417,0.924538471904056,Grid
0.027119611761347417,0.9249427300902844,Grid
0.027405081358835286,0.9249427300902844,Grid
0.027405081358835286,0.9256164937339981,Grid
0.027405081358835286,0.9258859991914836,Grid
0.027547816157579216,0.9258859991914836,Grid
0.027547816157579216,0.9262902573777119,Grid
0.02769055095632315,0.9262902573777119,Grid
0.02769055095632315,0.926829268292683,Grid
0.027833285755067085,0.926829268292683,Grid
0.027833285755067085,0.9270987737501685,Grid
0.027833285755067085,0.9272335264789112,Grid
0.027833285755067085,0.9275030319363967,Grid
0.027833285755067085,0.9276377846651395,Grid
0.027833285755067085,0.9281767955801105,Grid
0.027833285755067085,0.9283115483088532,Grid
0.02797602055381102,0.9283115483088532,Grid
0.02797602055381102,0.929524322867538,Grid
0.028118755352554953,0.929524322867538,Grid
0.028118755352554953,0.9296590755962808,Grid
0.028118755352554953,0.9299285810537663,Grid
0.028261490151298887,0.9299285810537663,Grid
0.028261490151298887,0.930063333782509,Grid
0.02840422495004282,0.930063333782509,Grid
0.02840422495004282,0.9301980865112518,Grid
0.02868969454753069,0.9301980865112518,Grid
0.02868969454753069,0.9303328392399947,Grid
0.028975164145018554,0.9303328392399947,Grid
0.028975164145018554,0.9306023446974802,Grid
0.028975164145018554,0.9308718501549657,Grid
0.029117898943762488,0.9308718501549657,Grid
0.029117898943762488,0.9310066028837084,Grid
0.029260633742506422,0.9310066028837084,Grid
0.029260633742506422,0.9314108610699366,Grid
0.02954610333999429,0.9314108610699366,Grid
0.02954610333999429,0.9319498719849076,Grid
0.02983157293748216,0.9319498719849076,Grid
0.02983157293748216,0.9324888828998787,Grid
0.029974307736226093,0.9324888828998787,Grid
0.029974307736226093,0.9331626465435925,Grid
0.030117042534970027,0.9331626465435925,Grid
0.030117042534970027,0.9332973992723352,Grid
0.03025977733371396,0.9332973992723352,Grid
0.03025977733371396,0.933432152001078,Grid
0.030402512132457895,0.933432152001078,Grid
0.030402512132457895,0.9337016574585635,Grid
0.030545246931201826,0.9337016574585635,Grid
0.030545246931201826,0.9345101738310201,Grid
0.03068798172994576,0.9345101738310201,Grid
0.03068798172994576,0.9347796792885056,Grid
0.030973451327433628,0.9347796792885056,Grid
0.030973451327433628,0.9349144320172483,Grid
0.030973451327433628,0.9351839374747338,Grid
0.030973451327433628,0.9354534429322193,Grid
0.03140165572366543,0.9354534429322193,Grid
0.03140165572366543,0.9368009702196469,Grid
0.031544390522409364,0.9368009702196469,Grid
0.031544390522409364,0.9381484975070745,Grid
0.031687125321153295,0.9381484975070745,Grid
0.031687125321153295,0.93841800296456,Grid
0.031687125321153295,0.9386875084220455,Grid
0.03182986011989723,0.9386875084220455,Grid
0.03182986011989723,0.9388222611507883,Grid
0.03197259491864116,0.9388222611507883,Grid
0.03197259491864116,0.9390917666082739,Grid
0.03268626891236083,0.9390917666082739,Grid
0.03268626891236083,0.9393612720657594,Grid
0.03282900371110477,0.9393612720657594,Grid
0.03282900371110477,0.9400350357094731,Grid
0.033114473308592636,0.9400350357094731,Grid
0.033114473308592636,0.9401697884382159,Grid
0.03325720810733657,0.9401697884382159,Grid
0.03325720810733657,0.9405740466244441,Grid
0.033399942906080504,0.9405740466244441,Grid
0.033399942906080504,0.9407087993531869,Grid
0.03368541250356837,0.9407087993531869,Grid
0.03368541250356837,0.941247810268158,Grid
0.03397088210105624,0.941247810268158,Grid
0.03397088210105624,0.9416520684543862,Grid
0.03411361689980017,0.9416520684543862,Grid
0.03411361689980017,0.9419215739118717,Grid
0.0342563516985441,0.9419215739118717,Grid
0.0342563516985441,0.9420563266406144,Grid
0.03454182129603197,0.9420563266406144,Grid
0.03454182129603197,0.9424605848268427,Grid
0.03454182129603197,0.9427300902843283,Grid
0.03454182129603197,0.9431343484705565,Grid
0.03468455609477591,0.9431343484705565,Grid
0.03468455609477591,0.9432691011992993,Grid
0.034970025692263776,0.9432691011992993,Grid
0.034970025692263776,0.9442123703004985,Grid
0.035112760491007707,0.9442123703004985,Grid
0.035112760491007707,0.9444818757579841,Grid
0.035398230088495575,0.9444818757579841,Grid
0.035398230088495575,0.9447513812154696,Grid
0.03568369968598344,0.9447513812154696,Grid
0.03568369968598344,0.9451556394016979,Grid
0.035826434484727374,0.9451556394016979,Grid
0.035826434484727374,0.9452903921304406,Grid
0.03596916928347131,0.9452903921304406,Grid
0.03596916928347131,0.9454251448591834,Grid
0.03625463888095918,0.9454251448591834,Grid
0.03625463888095918,0.9456946503166689,Grid
0.03654010847844705,0.9456946503166689,Grid
0.03654010847844705,0.9460989085028971,Grid
0.03668284327719098,0.9460989085028971,Grid
0.03668284327719098,0.9463684139603827,Grid
0.03668284327719098,0.9466379194178682,Grid
0.036825578075934916,0.9466379194178682,Grid
0.036825578075934916,0.9471769303328392,Grid
0.036825578075934916,0.947311683061582,Grid
0.036968312874678846,0.947311683061582,Grid
0.036968312874678846,0.9477159412478102,Grid
0.03711104767342278,0.9477159412478102,Grid
0.03711104767342278,0.9479854467052958,Grid
0.03711104767342278,0.9482549521627813,Grid
0.037253782472166715,0.9482549521627813,Grid
0.037253782472166715,0.9483897048915241,Grid
0.037396517270910645,0.9483897048915241,Grid
0.037396517270910645,0.9486592103490096,Grid
0.037396517270910645,0.9489287158064951,Grid
0.037396517270910645,0.9491982212639806,Grid
0.03753925206965458,0.9491982212639806,Grid
0.03753925206965458,0.9493329739927233,Grid
0.03782472166714245,0.9493329739927233,Grid
0.03782472166714245,0.9494677267214661,Grid
0.03796745646588638,0.9494677267214661,Grid
0.03796745646588638,0.9497372321789517,Grid
0.03811019126463032,0.9497372321789517,Grid
0.03811019126463032,0.9501414903651799,Grid
0.03853839566086212,0.9501414903651799,Grid
0.03853839566086212,0.9502762430939227,Grid
0.03868113045960605,0.9502762430939227,Grid
0.03868113045960605,0.9504109958226654,Grid
0.038823865258349986,0.9504109958226654,Grid
0.038823865258349986,0.9508152540088937,Grid
0.03896660005709392,0.9508152540088937,Grid
0.03896660005709392,0.9509500067376364,Grid
0.039252069654581785,0.9509500067376364,Grid
0.039252069654581785,0.9512195121951219,Grid
0.03939480445332572,0.9512195121951219,Grid
0.03939480445332572,0.9513542649238647,Grid
0.03939480445332572,0.9516237703813503,Grid
0.03953753925206965,0.9516237703813503,Grid
0.03953753925206965,0.951758523110093,Grid
0.03996574364830146,0.951758523110093,Grid
0.03996574364830146,0.9518932758388358,Grid
0.04010847844704539,0.9518932758388358,Grid
0.04010847844704539,0.9521627812963213,Grid
0.040679417642021126,0.9521627812963213,Grid
0.040679417642021126,0.9525670394825495,Grid
0.04082215244076506,0.9525670394825495,Grid
0.04082215244076506,0.9527017922112923,Grid
0.040964887239508994,0.9527017922112923,Grid
0.040964887239508994,0.952836544940035,Grid
0.041107622038252925,0.952836544940035,Grid
0.041107622038252925,0.9529712976687778,Grid
0.04125035683699686,0.9529712976687778,Grid
0.04125035683699686,0.9531060503975205,Grid
0.04167856123322866,0.9531060503975205,Grid
0.04167856123322866,0.9532408031262634,Grid
0.04196403083071653,0.9532408031262634,Grid
0.04196403083071653,0.9533755558550061,Grid
0.04196403083071653,0.9536450613124916,Grid
0.04210676562946046,0.9536450613124916,Grid
0.04210676562946046,0.9537798140412344,Grid
0.0422495004282044,0.9537798140412344,Grid
0.0422495004282044,0.9539145667699771,Grid
0.042534970025692266,0.9539145667699771,Grid
0.042534970025692266,0.9540493194987198,Grid
0.042820439623180134,0.9540493194987198,Grid
0.042820439623180134,0.9543188249562053,Grid
0.043105909220667996,0.9543188249562053,Grid
0.043105909220667996,0.9545883304136908,Grid
0.043391378818155864,0.9545883304136908,Grid
0.043391378818155864,0.9548578358711763,Grid
0.0435341136168998,0.9548578358711763,Grid
0.0435341136168998,0.9555315995148902,Grid
0.04381958321438767,0.9555315995148902,Grid
0.04381958321438767,0.9558011049723757,Grid
0.04381958321438767,0.9560706104298612,Grid
0.04410505281187554,0.9560706104298612,Grid
0.04410505281187554,0.9562053631586039,Grid
0.04410505281187554,0.9564748686160894,Grid
0.04410505281187554,0.9570138795310605,Grid
0.04424778761061947,0.9570138795310605,Grid
0.04424778761061947,0.9575528904460315,Grid
0.04453325720810734,0.9575528904460315,Grid
0.04453325720810734,0.9576876431747743,Grid
0.04467599200685127,0.9576876431747743,Grid
0.04467599200685127,0.9584961595472309,Grid
0.044818726805595205,0.9584961595472309,Grid
0.044818726805595205,0.9586309122759736,Grid
0.04553240079931487,0.9586309122759736,Grid
0.04553240079931487,0.9587656650047164,Grid
0.04567513559805881,0.9587656650047164,Grid
0.04567513559805881,0.9590351704622019,Grid
0.04581787039680274,0.9590351704622019,Grid
0.04581787039680274,0.9593046759196874,Grid
0.04596060519554668,0.9593046759196874,Grid
0.04596060519554668,0.9594394286484301,Grid
0.04610333999429061,0.9594394286484301,Grid
0.04610333999429061,0.9595741813771729,Grid
0.04624607479303454,0.9595741813771729,Grid
0.04624607479303454,0.9598436868346584,Grid
0.04653154439052241,0.9598436868346584,Grid
0.04653154439052241,0.9602479450208867,Grid
0.047102483585498144,0.9602479450208867,Grid
0.047102483585498144,0.960652203207115,Grid
0.04724521838424208,0.960652203207115,Grid
0.04724521838424208,0.9607869559358577,Grid
0.04767342278047388,0.9607869559358577,Grid
0.04767342278047388,0.9609217086646005,Grid
0.04781615757921781,0.9609217086646005,Grid
0.04781615757921781,0.9610564613933432,Grid
0.04838709677419355,0.9610564613933432,Grid
0.04838709677419355,0.961191214122086,Grid
0.049100770767913214,0.961191214122086,Grid
0.049100770767913214,0.9613259668508287,Grid
0.04938624036540108,0.9613259668508287,Grid
0.04938624036540108,0.9614607195795715,Grid
0.04952897516414502,0.9614607195795715,Grid
0.04952897516414502,0.9615954723083142,Grid
0.04952897516414502,0.9618649777657997,Grid
0.04981444476163289,0.9618649777657997,Grid
0.04981444476163289,0.9624039886807708,Grid
0.04981444476163289,0.9626734941382563,Grid
0.04981444476163289,0.9629429995957418,Grid
0.04995717956037682,0.9629429995957418,Grid
0.04995717956037682,0.9630777523244846,Grid
0.05024264915786469,0.9630777523244846,Grid
0.05024264915786469,0.9636167632394556,Grid
0.050385383956608625,0.9636167632394556,Grid
0.050385383956608625,0.9637515159681983,Grid
0.050528118755352555,0.9637515159681983,Grid
0.050528118755352555,0.9638862686969412,Grid
0.05081358835284042,0.9638862686969412,Grid
0.05081358835284042,0.9640210214256839,Grid
0.05081358835284042,0.9642905268831694,Grid
0.05081358835284042,0.9644252796119122,Grid
0.050956323151584354,0.9644252796119122,Grid
0.050956323151584354,0.9645600323406549,Grid
0.05109905795032829,0.9645600323406549,Grid
0.05109905795032829,0.9648295377981404,Grid
0.05109905795032829,0.9650990432556259,Grid
0.05124179274907222,0.9650990432556259,Grid
0.05124179274907222,0.965638054170597,Grid
0.05138452754781616,0.965638054170597,Grid
0.05138452754781616,0.9657728068993398,Grid
0.05209820154153583,0.9657728068993398,Grid
0.05209820154153583,0.9659075596280825,Grid
0.05266914073651156,0.9659075596280825,Grid
0.05266914073651156,0.966177065085568,Grid
0.05309734513274336,0.966177065085568,Grid
0.05309734513274336,0.9663118178143107,Grid
0.0532400799314873,0.9663118178143107,Grid
0.0532400799314873,0.9665813232717962,Grid
0.0532400799314873,0.966716076000539,Grid
0.05395375392520697,0.966716076000539,Grid
0.05395375392520697,0.9669855814580245,Grid
0.05395375392520697,0.9673898396442528,Grid
0.0540964887239509,0.9673898396442528,Grid
0.0540964887239509,0.9675245923729956,Grid
0.054239223522694835,0.9675245923729956,Grid
0.054239223522694835,0.9676593451017383,Grid
0.054381958321438766,0.9676593451017383,Grid
0.054381958321438766,0.9679288505592238,Grid
0.0545246931201827,0.9679288505592238,Grid
0.0545246931201827,0.9680636032879666,Grid
0.054667427918926634,0.9680636032879666,Grid
0.054667427918926634,0.9683331087454521,Grid
0.05481016271767057,0.9683331087454521,Grid
0.05481016271767057,0.9684678614741948,Grid
0.0553811019126463,0.9684678614741948,Grid
0.0553811019126463,0.9687373669316803,Grid
0.05566657151013417,0.9687373669316803,Grid
0.05566657151013417,0.9690068723891658,Grid
0.05595204110762204,0.9690068723891658,Grid
0.05595204110762204,0.9692763778466514,Grid
0.05595204110762204,0.9695458833041369,Grid
0.056094775906365975,0.9695458833041369,Grid
0.056094775906365975,0.9696806360328797,Grid
0.056094775906365975,0.9699501414903652,Grid
0.056094775906365975,0.9700848942191079,Grid
0.056237510705109905,0.9700848942191079,Grid
0.056237510705109905,0.9702196469478507,Grid
0.056380245503853836,0.9702196469478507,Grid
0.056380245503853836,0.9703543996765934,Grid
0.05680844990008564,0.9703543996765934,Grid
0.05680844990008564,0.9704891524053362,Grid
0.05709391949757351,0.9704891524053362,Grid
0.05709391949757351,0.9706239051340789,Grid
0.05723665429631744,0.9706239051340789,Grid
0.05723665429631744,0.9707586578628217,Grid
0.05752212389380531,0.9707586578628217,Grid
0.05752212389380531,0.9708934105915645,Grid
0.058378532686268914,0.9708934105915645,Grid
0.058378532686268914,0.97116291604905,Grid
0.058521267485012844,0.97116291604905,Grid
0.058521267485012844,0.9714324215065355,Grid
0.05866400228375678,0.9714324215065355,Grid
0.05866400228375678,0.971701926964021,Grid
0.05894947188124465,0.971701926964021,Grid
0.05894947188124465,0.9718366796927638,Grid
0.05923494147873252,0.9718366796927638,Grid
0.05923494147873252,0.9719714324215065,Grid
0.05966314587496432,0.9719714324215065,Grid
0.05966314587496432,0.9721061851502493,Grid
0.059948615472452185,0.9721061851502493,Grid
0.059948615472452185,0.9723756906077348,Grid
0.060091350271196116,0.9723756906077348,Grid
0.060091350271196116,0.9725104433364775,Grid
0.06023408506994005,0.9725104433364775,Grid
0.06023408506994005,0.9726451960652204,Grid
0.06023408506994005,0.9729147015227059,Grid
0.06023408506994005,0.9730494542514486,Grid
0.06080502426491579,0.9730494542514486,Grid
0.06080502426491579,0.9733189597089341,Grid
0.06151869825863546,0.9733189597089341,Grid
0.06151869825863546,0.9734537124376769,Grid
0.06166143305737939,0.9734537124376769,Grid
0.06166143305737939,0.9735884651664196,Grid
0.06280331144733085,0.9735884651664196,Grid
0.06280331144733085,0.9738579706239051,Grid
0.06365972023979447,0.9738579706239051,Grid
0.06365972023979447,0.9741274760813906,Grid
0.0642306594347702,0.9741274760813906,Grid
0.0642306594347702,0.9743969815388762,Grid
0.06437339423351413,0.9743969815388762,Grid
0.06437339423351413,0.9746664869963617,Grid
0.06451612903225806,0.9746664869963617,Grid
0.06451612903225806,0.9748012397251045,Grid
0.06565800742220954,0.9748012397251045,Grid
0.06565800742220954,0.9749359924538472,Grid
0.06622894661718527,0.9749359924538472,Grid
0.06622894661718527,0.97507074518259,Grid
0.06651441621467313,0.97507074518259,Grid
0.06651441621467313,0.9753402506400755,Grid
0.06722809020839281,0.9753402506400755,Grid
0.06722809020839281,0.9754750033688182,Grid
0.06737082500713674,0.9754750033688182,Grid
0.06737082500713674,0.9757445088263037,Grid
0.06737082500713674,0.9758792615550465,Grid
0.06751355980588067,0.9758792615550465,Grid
0.06751355980588067,0.9760140142837892,Grid
0.06794176420211248,0.9760140142837892,Grid
0.06794176420211248,0.9761487670125321,Grid
0.06822723379960034,0.9761487670125321,Grid
0.06822723379960034,0.9762835197412748,Grid
0.06836996859834428,0.9762835197412748,Grid
0.06836996859834428,0.9764182724700176,Grid
0.06922637739080788,0.9764182724700176,Grid
0.06922637739080788,0.976687777927503,Grid
0.06951184698829575,0.976687777927503,Grid
0.06951184698829575,0.9768225306562458,Grid
0.06994005138452755,0.9768225306562458,Grid
0.06994005138452755,0.9769572833849886,Grid
0.07022552098201541,0.9769572833849886,Grid
0.07022552098201541,0.9770920361137313,Grid
0.07036825578075935,0.9770920361137313,Grid
0.07036825578075935,0.977226788842474,Grid
0.07051099057950329,0.977226788842474,Grid
0.07051099057950329,0.9774962942999595,Grid
0.07079646017699115,0.9774962942999595,Grid
0.07079646017699115,0.9776310470287023,Grid
0.07165286896945475,0.9776310470287023,Grid
0.07165286896945475,0.977765799757445,Grid
0.07179560376819868,0.977765799757445,Grid
0.07179560376819868,0.9779005524861878,Grid
0.0726520125606623,0.9779005524861878,Grid
0.0726520125606623,0.9780353052149307,Grid
0.07279474735940622,0.9780353052149307,Grid
0.0730802169568941,0.9780353052149307,Grid
0.0730802169568941,0.9781700579436734,Grid
0.07336568655438196,0.9781700579436734,Grid
0.07336568655438196,0.9783048106724161,Grid
0.07493576934056523,0.9783048106724161,Grid
0.07493576934056523,0.9784395634011589,Grid
0.07536397373679703,0.9784395634011589,Grid
0.07536397373679703,0.9785743161299016,Grid
0.07593491293177276,0.9785743161299016,Grid
0.07593491293177276,0.9787090688586444,Grid
0.0760776477305167,0.9787090688586444,Grid
0.0760776477305167,0.9788438215873871,Grid
0.07622038252926064,0.9788438215873871,Grid
0.07622038252926064,0.9789785743161299,Grid
0.07707679132172424,0.9789785743161299,Grid
0.07707679132172424,0.9791133270448726,Grid
0.07721952612046817,0.9791133270448726,Grid
0.07721952612046817,0.9792480797736154,Grid
0.07821866971167571,0.9792480797736154,Grid
0.07821866971167571,0.9793828325023581,Grid
0.07864687410790751,0.9793828325023581,Grid
0.07864687410790751,0.9795175852311009,Grid
0.07878960890665145,0.9795175852311009,Grid
0.07878960890665145,0.9796523379598436,Grid
0.07921781330288324,0.9796523379598436,Grid
0.07921781330288324,0.980056596146072,Grid
0.07936054810162718,0.980056596146072,Grid
0.07936054810162718,0.9801913488748147,Grid
0.0795032829003711,0.9801913488748147,Grid
0.0795032829003711,0.9803261016035575,Grid
0.08021695689409078,0.9803261016035575,Grid
0.08021695689409078,0.9804608543323002,Grid
0.08150157008278619,0.9804608543323002,Grid
0.08150157008278619,0.9807303597897857,Grid
0.08278618327148159,0.9807303597897857,Grid
0.08278618327148159,0.9808651125185285,Grid
0.08392806166143306,0.9808651125185285,Grid
0.08392806166143306,0.9809998652472712,Grid
0.084070796460177,0.9809998652472712,Grid
0.084070796460177,0.981134617976014,Grid
0.0849272052526406,0.981134617976014,Grid
0.0849272052526406,0.9812693707047567,Grid
0.0853554096488724,0.9812693707047567,Grid
0.0853554096488724,0.9814041234334995,Grid
0.08564087924636027,0.9814041234334995,Grid
0.08564087924636027,0.9816736288909851,Grid
0.08578361404510419,0.9816736288909851,Grid
0.08578361404510419,0.9818083816197278,Grid
0.08635455324007993,0.9818083816197278,Grid
0.08635455324007993,0.9819431343484706,Grid
0.0866400228375678,0.9819431343484706,Grid
0.0866400228375678,0.9820778870772133,Grid
0.08678275763631173,0.9820778870772133,Grid
0.08678275763631173,0.9822126398059561,Grid
0.08692549243505567,0.9822126398059561,Grid
0.08692549243505567,0.9824821452634416,Grid
0.08692549243505567,0.9826168979921843,Grid
0.08721096203254354,0.9826168979921843,Grid
0.08721096203254354,0.9830211561784126,Grid
0.08878104481872681,0.9830211561784126,Grid
0.08878104481872681,0.9831559089071553,Grid
0.09192121039109336,0.9831559089071553,Grid
0.09192121039109336,0.9832906616358982,Grid
0.09334855837853269,0.9832906616358982,Grid
0.09334855837853269,0.9834254143646409,Grid
0.09349129317727661,0.9834254143646409,Grid
0.09349129317727661,0.9835601670933837,Grid
0.09377676277476449,0.9835601670933837,Grid
0.09377676277476449,0.9836949198221264,Grid
0.09506137596345988,0.9836949198221264,Grid
0.09506137596345988,0.9838296725508692,Grid
0.09563231515843562,0.9838296725508692,Grid
0.09563231515843562,0.9839644252796119,Grid
0.09606051955466743,0.9839644252796119,Grid
0.09606051955466743,0.9840991780083547,Grid
0.09620325435341136,0.9840991780083547,Grid
0.09620325435341136,0.9842339307370974,Grid
0.09648872395089923,0.9842339307370974,Grid
0.09648872395089923,0.9843686834658402,Grid
0.09691692834713103,0.9843686834658402,Grid
0.09691692834713103,0.9845034361945829,Grid
0.09748786754210677,0.9845034361945829,Grid
0.09748786754210677,0.9846381889233257,Grid
0.0980588067370825,0.9846381889233257,Grid
0.0980588067370825,0.9847729416520684,Grid
0.09820154153582643,0.9847729416520684,Grid
0.09820154153582643,0.9849076943808112,Grid
0.0989152155295461,0.9849076943808112,Grid
0.0989152155295461,0.985042447109554,Grid
0.10191264630316871,0.985042447109554,Grid
0.10191264630316871,0.9851771998382968,Grid
0.10205538110191265,0.9851771998382968,Grid
0.10205538110191265,0.9853119525670395,Grid
0.10291178989437624,0.9853119525670395,Grid
0.10291178989437624,0.9854467052957823,Grid
0.10319725949186412,0.9854467052957823,Grid
0.10319725949186412,0.985581458024525,Grid
0.10348272908935198,0.985581458024525,Grid
0.10348272908935198,0.9857162107532678,Grid
0.10462460747930345,0.9857162107532678,Grid
0.10462460747930345,0.9858509634820105,Grid
0.10633742506423066,0.9858509634820105,Grid
0.10633742506423066,0.9859857162107533,Grid
0.10719383385669426,0.9859857162107533,Grid
0.10719383385669426,0.986120468939496,Grid
0.10833571224664573,0.986120468939496,Grid
0.10833571224664573,0.9862552216682388,Grid
0.1086211818441336,0.9862552216682388,Grid
0.1086211818441336,0.9863899743969815,Grid
0.1094775906365972,0.9863899743969815,Grid
0.1094775906365972,0.9865247271257243,Grid
0.109905795032829,0.9865247271257243,Grid
0.109905795032829,0.986659479854467,Grid
0.11119040822152441,0.986659479854467,Grid
0.11119040822152441,0.9867942325832099,Grid
0.11361689980017128,0.9867942325832099,Grid
0.11361689980017128,0.9869289853119526,Grid
0.11390236939765915,0.9869289853119526,Grid
0.11390236939765915,0.9870637380406954,Grid
0.11433057379389094,0.9870637380406954,Grid
0.11433057379389094,0.9871984907694381,Grid
0.11504424778761062,0.9871984907694381,Grid
0.11504424778761062,0.9873332434981809,Grid
0.11532971738509849,0.9873332434981809,Grid
0.11532971738509849,0.9874679962269236,Grid
0.11547245218384242,0.9874679962269236,Grid
0.11547245218384242,0.9877375016844091,Grid
0.11732800456751356,0.9877375016844091,Grid
0.11732800456751356,0.9878722544131519,Grid
0.11804167856123322,0.9878722544131519,Grid
0.11804167856123322,0.9881417598706373,Grid
0.11861261775620896,0.9881417598706373,Grid
0.11861261775620896,0.9884112653281228,Grid
0.1204681701398801,0.9884112653281228,Grid
0.1204681701398801,0.9885460180568657,Grid
0.12475021410219811,0.9885460180568657,Grid
0.12503568369968598,0.9885460180568657,Grid
0.12532115329717386,0.9885460180568657,Grid
0.12532115329717386,0.9886807707856085,Grid
0.1256066228946617,0.9886807707856085,Grid
0.1256066228946617,0.9888155235143512,Grid
0.12617756208963746,0.9888155235143512,Grid
0.12617756208963746,0.988950276243094,Grid
0.12874678846702825,0.988950276243094,Grid
0.12874678846702825,0.9890850289718367,Grid
0.12974593205823579,0.9890850289718367,Grid
0.12974593205823579,0.9892197817005794,Grid
0.13388524122180986,0.9892197817005794,Grid
0.13388524122180986,0.9893545344293222,Grid
0.13502711961176134,0.9893545344293222,Grid
0.13502711961176134,0.989489287158065,Grid
0.13574079360548102,0.989489287158065,Grid
0.13574079360548102,0.9897587926155504,Grid
0.1361689980017128,0.9897587926155504,Grid
0.1361689980017128,0.9900282980730359,Grid
0.1368826719954325,0.9900282980730359,Grid
0.1368826719954325,0.9901630508017787,Grid
0.1390236939765915,0.9901630508017787,Grid
0.1390236939765915,0.9902978035305215,Grid
0.14045104196403083,0.9902978035305215,Grid
0.14045104196403083,0.990567308988007,Grid
0.1420211247502141,0.990567308988007,Grid
0.1420211247502141,0.9907020617167498,Grid
0.14387667713388524,0.9907020617167498,Grid
0.14387667713388524,0.9908368144454925,Grid
0.1461604339137882,0.9908368144454925,Grid
0.1461604339137882,0.9909715671742353,Grid
0.14630316871253213,0.9909715671742353,Grid
0.14630316871253213,0.991106319902978,Grid
0.14644590351127604,0.991106319902978,Grid
0.14644590351127604,0.9912410726317208,Grid
0.1475877819012275,0.9912410726317208,Grid
0.1475877819012275,0.9915105780892063,Grid
0.15358264344847275,0.9915105780892063,Grid
0.15358264344847275,0.9917800835466918,Grid
0.15458178703968029,0.9917800835466918,Grid
0.15458178703968029,0.9919148362754345,Grid
0.15715101341707108,0.9919148362754345,Grid
0.15715101341707108,0.9920495890041774,Grid
0.15729374821581502,0.9920495890041774,Grid
0.15729374821581502,0.9923190944616629,Grid
0.15772195261204683,0.9923190944616629,Grid
0.15772195261204683,0.9924538471904056,Grid
0.15857836140451043,0.9924538471904056,Grid
0.15857836140451043,0.9925885999191484,Grid
0.16100485298315728,0.9925885999191484,Grid
0.16100485298315728,0.9927233526478911,Grid
0.16200399657436482,0.9927233526478911,Grid
0.16200399657436482,0.9928581053766339,Grid
0.16400228375677992,0.9928581053766339,Grid
0.16400228375677992,0.9929928581053766,Grid
0.1674279189266343,0.9929928581053766,Grid
0.1674279189266343,0.9931276108341194,Grid
0.1689980017128176,0.9931276108341194,Grid
0.1689980017128176,0.9933971162916049,Grid
0.17128175849272054,0.9933971162916049,Grid
0.17128175849272054,0.9935318690203476,Grid
0.1719954324864402,0.9935318690203476,Grid
0.1719954324864402,0.9936666217490904,Grid
0.17385098487011133,0.9936666217490904,Grid
0.17385098487011133,0.993936127206576,Grid
0.17599200685127034,0.993936127206576,Grid
0.17599200685127034,0.9940708799353187,Grid
0.17856123322866116,0.9940708799353187,Grid
0.17856123322866116,0.9942056326640615,Grid
0.1818441335997716,0.9942056326640615,Grid
0.1818441335997716,0.9943403853928042,Grid
0.18369968598344277,0.9943403853928042,Grid
0.18369968598344277,0.994475138121547,Grid
0.18612617756208963,0.994475138121547,Grid
0.18612617756208963,0.9946098908502897,Grid
0.18983728232943192,0.9946098908502897,Grid
0.18983728232943192,0.9947446435790325,Grid
0.19668855266914073,0.9947446435790325,Grid
0.19668855266914073,0.9948793963077752,Grid
0.19768769626034827,0.9948793963077752,Grid
0.19768769626034827,0.995014149036518,Grid
0.2023979446188981,0.995014149036518,Grid
0.2023979446188981,0.9951489017652607,Grid
0.20610904938624036,0.9951489017652607,Grid
0.20610904938624036,0.9954184072227462,Grid
0.2071081929774479,0.9954184072227462,Grid
0.20739366257493577,0.9954184072227462,Grid
0.2116757065372538,0.9954184072227462,Grid
0.2116757065372538,0.995553159951489,Grid
0.23194404795889237,0.995553159951489,Grid
0.23194404795889237,0.9956879126802318,Grid
0.24193548387096775,0.9956879126802318,Grid
0.2422209534684556,0.9956879126802318,Grid
0.25806451612903225,0.9956879126802318,Grid
0.25806451612903225,0.9958226654089746,Grid
0.25949186411647157,0.9958226654089746,Grid
0.25949186411647157,0.9959574181377173,Grid
0.26434484727376534,0.9959574181377173,Grid
0.26434484727376534,0.9960921708664601,Grid
0.28161575792178134,0.9960921708664601,Grid
0.28161575792178134,0.9962269235952028,Grid
0.2834713103054525,0.9962269235952028,Grid
0.2834713103054525,0.9963616763239456,Grid
0.28646874107907505,0.9963616763239456,Grid
0.28646874107907505,0.9964964290526883,Grid
0.2911789894376249,0.9964964290526883,Grid
0.2911789894376249,0.9966311817814311,Grid
0.2934627462175278,0.9966311817814311,Grid
0.2937482158150157,0.9966311817814311,Grid
0.299600342563517,0.9966311817814311,Grid
0.299600342563517,0.9967659345101738,Grid
0.3194404795889238,0.9967659345101738,Grid
0.3194404795889238,0.9969006872389166,Grid
0.33742506423065943,0.9969006872389166,Grid
0.33742506423065943,0.9970354399676593,Grid
0.3475592349414787,0.9970354399676593,Grid
0.3475592349414787,0.9971701926964021,Grid
0.3538395660862118,0.9971701926964021,Grid
0.3538395660862118,0.9973049454251448,Grid
0.3571224664573223,0.9973049454251448,Grid
0.35740793605481014,0.9973049454251448,Grid
0.35897801884099345,0.9973049454251448,Grid
0.35897801884099345,0.9975744508826304,Grid
0.3608335712246646,0.9975744508826304,Grid
0.3608335712246646,0.9977092036113732,Grid
0.3675421067656295,0.9977092036113732,Grid
0.3675421067656295,0.9978439563401159,Grid
0.3713959463317157,0.9978439563401159,Grid
0.3713959463317157,0.9979787090688587,Grid
0.3893805309734513,0.9979787090688587,Grid
0.3893805309734513,0.9981134617976014,Grid
0.3932343705395375,0.9981134617976014,Grid
0.3932343705395375,0.9982482145263442,Grid
0.42506423065943477,0.9982482145263442,Grid
0.42534970025692265,0.9982482145263442,Grid
0.43905224093634027,0.9982482145263442,Grid
0.43905224093634027,0.9983829672550869,Grid
0.43933771053382814,0.9983829672550869,Grid
0.439623180131316,0.9983829672550869,Grid
0.46959748786754213,0.9983829672550869,Grid
0.46988295746502995,0.9983829672550869,Grid
0.48115900656580074,0.9983829672550869,Grid
0.4814444761632886,0.9983829672550869,Grid
0.4954324864401941,0.9983829672550869,Grid
0.495717956037682,0.9983829672550869,Grid
0.5108478447045389,0.9983829672550869,Grid
0.5111333143020268,0.9983829672550869,Grid
0.5119897230944904,0.9983829672550869,Grid
0.5122751926919783,0.9983829672550869,Grid
0.5174136454467599,0.9983829672550869,Grid
0.5179845846417357,0.9983829672550869,Grid
0.5326862689123608,0.9983829672550869,Grid
0.5329717385098487,0.9983829672550869,Grid
0.5469597487867542,0.9983829672550869,Grid
0.5472452183842421,0.9983829672550869,Grid
0.5643733942335142,0.9983829672550869,Grid
0.5643733942335142,0.9985177199838297,Grid
0.5720810733656866,0.9985177199838297,Grid
0.5720810733656866,0.9986524727125724,Grid
0.5816443048815301,0.9986524727125724,Grid
0.5816443048815301,0.9987872254413152,Grid
0.6039109334855838,0.9987872254413152,Grid
0.6039109334855838,0.9989219781700579,Grid
0.6273194404795889,0.9989219781700579,Grid
0.6276049100770767,0.9989219781700579,Grid
0.6527262346560091,0.9989219781700579,Grid
0.653011704253497,0.9989219781700579,Grid
0.6675706537253783,0.9989219781700579,Grid
0.6678561233228661,0.9989219781700579,Grid
0.672566371681416,0.9989219781700579,Grid
0.672566371681416,0.9991914836275435,Grid
0.6741364544675992,0.9991914836275435,Grid
0.6741364544675992,0.9993262363562863,Grid
0.6839851555809306,0.9993262363562863,Grid
0.6842706251784185,0.9993262363562863,Grid
0.6858407079646017,0.9993262363562863,Grid
0.6858407079646017,0.999460989085029,Grid
0.6951184698829574,0.999460989085029,Grid
0.6951184698829574,0.9995957418137718,Grid
0.7038252926063374,0.9995957418137718,Grid
0.7041107622038253,0.9995957418137718,Grid
0.7366542963174422,0.9995957418137718,Grid
0.73693976591493,0.9995957418137718,Grid
0.7502141021981159,0.9995957418137718,Grid
0.7502141021981159,0.9998652472712573,Grid
0.801741364544676,0.9998652472712573,Grid
0.801741364544676,1.0,Grid
0.8127319440479589,1.0,Grid
0.8130174136454468,1.0,Grid
0.9658863831001998,1.0,Grid
0.9661718526976877,1.0,Grid
0.9971453040251214,1.0,Grid
0.9974307736226092,1.0,Grid
1.0,1.0,Grid
